INSERT INTO CLIENT (id, fullname) VALUES (1, 'Bernard');
INSERT INTO client (id, fullname) VALUES (2, 'Lucas');
INSERT INTO COMPANY (id, name,balance) VALUES (1, 'Apple',1500);
INSERT INTO COMPANY (id, name,balance) VALUES (2, 'Microsoft',1000);
INSERT INTO COMPANY (id, name,balance) VALUES (3, 'Glady',3500);
INSERT INTO DEPOSIT (id, amount,type_deposit,start_date,client_id,company_id) VALUES (1, 420,'MEAL','2021-02-01',1,1);
INSERT INTO DEPOSIT (id, amount,type_deposit,start_date,client_id,company_id) VALUES (8, 250,'GIFT','2022-10-01',1,1);
INSERT INTO DEPOSIT (id, amount,type_deposit,start_date,client_id,company_id) VALUES (9, 10,'MEAL','2021-02-01',1,1);
INSERT INTO DEPOSIT (id, amount,type_deposit,start_date,client_id,company_id) VALUES (10, 50,'MEAL','2023-02-01',1,1);
INSERT INTO DEPOSIT (id, amount,type_deposit,start_date,client_id,company_id) VALUES (11, 80,'GIFT','2022-10-25',1,1);
INSERT INTO DEPOSIT (id, amount,type_deposit,start_date,client_id,company_id) VALUES (2, 250,'MEAL','2022-03-01',2,1);
INSERT INTO DEPOSIT (id, amount,type_deposit,start_date,client_id,company_id) VALUES (3, 250,'GIFT','2023-02-01',2,1);
INSERT INTO DEPOSIT (id, amount,type_deposit,start_date,client_id,company_id) VALUES (4, 500,'GIFT','2021-04-01',2,1);
INSERT INTO DEPOSIT (id, amount,type_deposit,start_date,client_id,company_id) VALUES (5, 350,'GIFT','2022-10-15',2,1);
INSERT INTO DEPOSIT (id, amount,type_deposit,start_date,client_id,company_id) VALUES (6, 280,'MEAL','2022-10-15',2,1);
INSERT INTO DEPOSIT (id, amount,type_deposit,start_date,client_id,company_id) VALUES (7, 410,'MEAL','2021-02-15',2,1);